{"cameraMode":{"drawMode":0,"name":"Shaded","section":"Shading Mode"},"sceneLighting":false,"audioPlay":false,"sceneViewState":{"m_AlwaysRefresh":false,"showFog":true,"showSkybox":false,"showFlares":true,"showImageEffects":true,"showParticleSystems":true,"showVisualEffectGraphs":true,"m_FxEnabled":true},"in2DMode":false,"pivot":{"x":0.12288212776184082,"y":0.14420302212238313,"z":0.18931537866592408},"rotation":{"x":-0.010491692461073399,"y":0.8359656929969788,"z":0.0160688366740942,"w":0.5485813021659851},"size":0.6175786256790161,"orthographic":false}