{"cameraMode":{"drawMode":0,"name":"Shaded","section":"Shading Mode"},"sceneLighting":false,"audioPlay":false,"sceneViewState":{"m_AlwaysRefresh":false,"showFog":true,"showSkybox":false,"showFlares":true,"showImageEffects":true,"showParticleSystems":true,"showVisualEffectGraphs":true,"m_FxEnabled":true},"in2DMode":false,"pivot":{"x":0.0026870928704738619,"y":0.020772188901901246,"z":-0.0006532520055770874},"rotation":{"x":0.02313051000237465,"y":0.6997068524360657,"z":-0.02267712540924549,"w":0.7136972546577454},"size":1.1483677625656129,"orthographic":true}