{"cameraMode":{"drawMode":0,"name":"Shaded","section":"Shading Mode"},"sceneLighting":false,"audioPlay":false,"sceneViewState":{"m_AlwaysRefresh":false,"showFog":true,"showSkybox":false,"showFlares":true,"showImageEffects":true,"showParticleSystems":true,"showVisualEffectGraphs":true,"m_FxEnabled":true},"in2DMode":false,"pivot":{"x":-12.127313613891602,"y":0.020772188901901246,"z":-13.110652923583985},"rotation":{"x":0.5628097653388977,"y":0.23988862335681916,"z":-0.17501971125602723,"w":0.7714062929153442},"size":0.8660253882408142,"orthographic":false}